Index,Label,Class
5,0,Disturbed
6,0,Disturbed
24,0,Disturbed
25,0,Disturbed
44,0,Disturbed
46,0,Disturbed
48,0,Disturbed
50,0,Disturbed
56,0,Disturbed
61,0,Disturbed
75,0,Disturbed
90,0,Disturbed
108,0,Disturbed
114,0,Disturbed
116,0,Disturbed
116,0,Disturbed
124,0,Disturbed
129,0,Disturbed
148,0,Disturbed
148,0,Disturbed
151,0,Disturbed
152,0,Disturbed
166,0,Disturbed
167,0,Disturbed
173,0,Disturbed
177,0,Disturbed
194,0,Disturbed
195,0,Disturbed
231,0,Disturbed
240,0,Disturbed
254,0,Disturbed
257,0,Disturbed
274,0,Disturbed
292,0,Disturbed
301,0,Disturbed
304,0,Disturbed
307,0,Disturbed
317,0,Disturbed
321,0,Disturbed
324,0,Disturbed
326,0,Disturbed
337,0,Disturbed
348,0,Disturbed
348,0,Disturbed
357,0,Disturbed
360,0,Disturbed
368,0,Disturbed
380,0,Disturbed
384,0,Disturbed
387,0,Disturbed
393,0,Disturbed
393,0,Disturbed
398,0,Disturbed
407,0,Disturbed
416,0,Disturbed
425,0,Disturbed
440,0,Disturbed
478,0,Disturbed
492,0,Disturbed
521,0,Disturbed
525,0,Disturbed
530,0,Disturbed
533,0,Disturbed
535,0,Disturbed
538,0,Disturbed
545,0,Disturbed
548,0,Disturbed
556,0,Disturbed
556,0,Disturbed
563,0,Disturbed
565,0,Disturbed
585,0,Disturbed
612,0,Disturbed
617,0,Disturbed
621,0,Disturbed
632,0,Disturbed
647,0,Disturbed
662,0,Disturbed
665,0,Disturbed
697,0,Disturbed
701,0,Disturbed
705,0,Disturbed
710,0,Disturbed
728,0,Disturbed
737,0,Disturbed
740,0,Disturbed
741,0,Disturbed
745,0,Disturbed
777,0,Disturbed
788,0,Disturbed
789,0,Disturbed
790,0,Disturbed
797,0,Disturbed
805,0,Disturbed
808,0,Disturbed
808,0,Disturbed
822,0,Disturbed
835,0,Disturbed
847,0,Disturbed
847,0,Disturbed
851,0,Disturbed
853,0,Disturbed
873,0,Disturbed
899,0,Disturbed
905,0,Disturbed
914,0,Disturbed
932,0,Disturbed
933,0,Disturbed
946,0,Disturbed
958,0,Disturbed
959,0,Disturbed
974,0,Disturbed
999,0,Disturbed
1001,0,Disturbed
1010,0,Disturbed
1013,0,Disturbed
1021,0,Disturbed
1033,0,Disturbed
1044,0,Disturbed
1051,0,Disturbed
1056,0,Disturbed
1072,0,Disturbed
1083,1,Merging
1084,1,Merging
1086,1,Merging
1089,1,Merging
1093,1,Merging
1102,1,Merging
1132,1,Merging
1152,1,Merging
1153,1,Merging
1187,1,Merging
1194,1,Merging
1201,1,Merging
1202,1,Merging
1204,1,Merging
1213,1,Merging
1230,1,Merging
1255,1,Merging
1256,1,Merging
1260,1,Merging
1263,1,Merging
1270,1,Merging
1275,1,Merging
1282,1,Merging
1287,1,Merging
1301,1,Merging
1308,1,Merging
1313,1,Merging
1321,1,Merging
1329,1,Merging
1335,1,Merging
1335,1,Merging
1342,1,Merging
1344,1,Merging
1346,1,Merging
1365,1,Merging
1384,1,Merging
1426,1,Merging
1428,1,Merging
1440,1,Merging
1445,1,Merging
1450,1,Merging
1459,1,Merging
1467,1,Merging
1474,1,Merging
1477,1,Merging
1480,1,Merging
1481,1,Merging
1482,1,Merging
1484,1,Merging
1510,1,Merging
1515,1,Merging
1519,1,Merging
1520,1,Merging
1522,1,Merging
1524,1,Merging
1546,1,Merging
1554,1,Merging
1558,1,Merging
1562,1,Merging
1562,1,Merging
1570,1,Merging
1589,1,Merging
1593,1,Merging
1597,1,Merging
1602,1,Merging
1620,1,Merging
1622,1,Merging
1631,1,Merging
1636,1,Merging
1649,1,Merging
1660,1,Merging
1680,1,Merging
1698,1,Merging
1698,1,Merging
1707,1,Merging
1713,1,Merging
1714,1,Merging
1726,1,Merging
1737,1,Merging
1741,1,Merging
1741,1,Merging
1786,1,Merging
1802,1,Merging
1805,1,Merging
1810,1,Merging
1811,1,Merging
1815,1,Merging
1818,1,Merging
1818,1,Merging
1818,1,Merging
1820,1,Merging
1837,1,Merging
1849,1,Merging
1856,1,Merging
1871,1,Merging
1889,1,Merging
1891,1,Merging
1907,1,Merging
1929,1,Merging
1935,1,Merging
1937,1,Merging
1942,1,Merging
1948,1,Merging
1950,1,Merging
1955,1,Merging
1957,1,Merging
1960,1,Merging
1970,1,Merging
1972,1,Merging
1972,1,Merging
1973,1,Merging
1975,1,Merging
1980,1,Merging
1990,1,Merging
1990,1,Merging
1993,1,Merging
2004,1,Merging
2015,1,Merging
2025,1,Merging
2037,1,Merging
2069,1,Merging
2075,1,Merging
2076,1,Merging
2091,1,Merging
2099,1,Merging
2104,1,Merging
2109,1,Merging
2111,1,Merging
2115,1,Merging
2118,1,Merging
2120,1,Merging
2122,1,Merging
2125,1,Merging
2125,1,Merging
2139,1,Merging
2139,1,Merging
2153,1,Merging
2157,1,Merging
2172,1,Merging
2183,1,Merging
2190,1,Merging
2195,1,Merging
2200,1,Merging
2205,1,Merging
2231,1,Merging
2234,1,Merging
2235,1,Merging
2256,1,Merging
2264,1,Merging
2267,1,Merging
2284,1,Merging
2285,1,Merging
2304,1,Merging
2343,1,Merging
2349,1,Merging
2350,1,Merging
2389,1,Merging
2391,1,Merging
2407,1,Merging
2416,1,Merging
2426,1,Merging
2433,1,Merging
2444,1,Merging
2452,1,Merging
2461,1,Merging
2489,1,Merging
2502,1,Merging
2506,1,Merging
2512,1,Merging
2518,1,Merging
2529,1,Merging
2530,1,Merging
2538,1,Merging
2542,1,Merging
2564,1,Merging
2569,1,Merging
2569,1,Merging
2576,1,Merging
2593,1,Merging
2598,1,Merging
2606,1,Merging
2611,1,Merging
2619,1,Merging
2629,1,Merging
2633,1,Merging
2638,1,Merging
2657,1,Merging
2669,1,Merging
2677,1,Merging
2695,1,Merging
2701,1,Merging
2711,1,Merging
2718,1,Merging
2719,1,Merging
2753,1,Merging
2753,1,Merging
2754,1,Merging
2762,1,Merging
2765,1,Merging
2765,1,Merging
2772,1,Merging
2778,1,Merging
2780,1,Merging
2781,1,Merging
2785,1,Merging
2785,1,Merging
2785,1,Merging
2790,1,Merging
2793,1,Merging
2797,1,Merging
2801,1,Merging
2804,1,Merging
2813,1,Merging
2822,1,Merging
2829,1,Merging
2834,1,Merging
2847,1,Merging
2854,1,Merging
2860,1,Merging
2872,1,Merging
2901,1,Merging
2906,1,Merging
2912,1,Merging
2924,1,Merging
2925,1,Merging
2934,2,Round Smooth
2944,2,Round Smooth
2962,2,Round Smooth
2980,2,Round Smooth
2992,2,Round Smooth
2998,2,Round Smooth
3053,2,Round Smooth
3056,2,Round Smooth
3056,2,Round Smooth
3070,2,Round Smooth
3072,2,Round Smooth
3110,2,Round Smooth
3126,2,Round Smooth
3147,2,Round Smooth
3160,2,Round Smooth
3177,2,Round Smooth
3191,2,Round Smooth
3194,2,Round Smooth
3202,2,Round Smooth
3217,2,Round Smooth
3231,2,Round Smooth
3241,2,Round Smooth
3251,2,Round Smooth
3257,2,Round Smooth
3257,2,Round Smooth
3258,2,Round Smooth
3269,2,Round Smooth
3274,2,Round Smooth
3276,2,Round Smooth
3279,2,Round Smooth
3280,2,Round Smooth
3292,2,Round Smooth
3311,2,Round Smooth
3313,2,Round Smooth
3318,2,Round Smooth
3327,2,Round Smooth
3348,2,Round Smooth
3351,2,Round Smooth
3351,2,Round Smooth
3370,2,Round Smooth
3379,2,Round Smooth
3380,2,Round Smooth
3395,2,Round Smooth
3405,2,Round Smooth
3408,2,Round Smooth
3411,2,Round Smooth
3425,2,Round Smooth
3435,2,Round Smooth
3435,2,Round Smooth
3440,2,Round Smooth
3454,2,Round Smooth
3455,2,Round Smooth
3465,2,Round Smooth
3466,2,Round Smooth
3470,2,Round Smooth
3485,2,Round Smooth
3488,2,Round Smooth
3491,2,Round Smooth
3495,2,Round Smooth
3502,2,Round Smooth
3505,2,Round Smooth
3508,2,Round Smooth
3514,2,Round Smooth
3517,2,Round Smooth
3520,2,Round Smooth
3525,2,Round Smooth
3528,2,Round Smooth
3530,2,Round Smooth
3532,2,Round Smooth
3539,2,Round Smooth
3551,2,Round Smooth
3553,2,Round Smooth
3555,2,Round Smooth
3581,2,Round Smooth
3591,2,Round Smooth
3596,2,Round Smooth
3616,2,Round Smooth
3632,2,Round Smooth
3637,2,Round Smooth
3647,2,Round Smooth
3649,2,Round Smooth
3652,2,Round Smooth
3667,2,Round Smooth
3673,2,Round Smooth
3674,2,Round Smooth
3676,2,Round Smooth
3678,2,Round Smooth
3678,2,Round Smooth
3695,2,Round Smooth
3709,2,Round Smooth
3726,2,Round Smooth
3735,2,Round Smooth
3735,2,Round Smooth
3746,2,Round Smooth
3759,2,Round Smooth
3761,2,Round Smooth
3772,2,Round Smooth
3778,2,Round Smooth
3781,2,Round Smooth
3789,2,Round Smooth
3792,2,Round Smooth
3793,2,Round Smooth
3796,2,Round Smooth
3798,2,Round Smooth
3817,2,Round Smooth
3830,2,Round Smooth
3832,2,Round Smooth
3837,2,Round Smooth
3846,2,Round Smooth
3848,2,Round Smooth
3857,2,Round Smooth
3858,2,Round Smooth
3869,2,Round Smooth
3878,2,Round Smooth
3882,2,Round Smooth
3886,2,Round Smooth
3890,2,Round Smooth
3896,2,Round Smooth
3897,2,Round Smooth
3906,2,Round Smooth
3914,2,Round Smooth
3928,2,Round Smooth
3931,2,Round Smooth
3950,2,Round Smooth
3960,2,Round Smooth
3971,2,Round Smooth
3980,2,Round Smooth
3984,2,Round Smooth
3985,2,Round Smooth
4019,2,Round Smooth
4036,2,Round Smooth
4042,2,Round Smooth
4047,2,Round Smooth
4069,2,Round Smooth
4075,2,Round Smooth
4079,2,Round Smooth
4085,2,Round Smooth
4088,2,Round Smooth
4108,2,Round Smooth
4114,2,Round Smooth
4120,2,Round Smooth
4139,2,Round Smooth
4145,2,Round Smooth
4184,2,Round Smooth
4185,2,Round Smooth
4224,2,Round Smooth
4233,2,Round Smooth
4241,2,Round Smooth
4242,2,Round Smooth
4250,2,Round Smooth
4260,2,Round Smooth
4302,2,Round Smooth
4315,2,Round Smooth
4332,2,Round Smooth
4335,2,Round Smooth
4342,2,Round Smooth
4356,2,Round Smooth
4363,2,Round Smooth
4369,2,Round Smooth
4385,2,Round Smooth
4395,2,Round Smooth
4409,2,Round Smooth
4411,2,Round Smooth
4421,2,Round Smooth
4424,2,Round Smooth
4446,2,Round Smooth
4476,2,Round Smooth
4493,2,Round Smooth
4506,2,Round Smooth
4544,2,Round Smooth
4555,2,Round Smooth
4555,2,Round Smooth
4559,2,Round Smooth
4560,2,Round Smooth
4575,2,Round Smooth
4587,2,Round Smooth
4599,2,Round Smooth
4604,2,Round Smooth
4608,2,Round Smooth
4609,2,Round Smooth
4609,2,Round Smooth
4611,2,Round Smooth
4633,2,Round Smooth
4645,2,Round Smooth
4648,2,Round Smooth
4654,2,Round Smooth
4655,2,Round Smooth
4658,2,Round Smooth
4663,2,Round Smooth
4666,2,Round Smooth
4668,2,Round Smooth
4670,2,Round Smooth
4672,2,Round Smooth
4687,2,Round Smooth
4697,2,Round Smooth
4700,2,Round Smooth
4703,2,Round Smooth
4717,2,Round Smooth
4738,2,Round Smooth
4753,2,Round Smooth
4769,2,Round Smooth
4771,2,Round Smooth
4783,2,Round Smooth
4787,2,Round Smooth
4796,2,Round Smooth
4811,2,Round Smooth
4823,2,Round Smooth
4826,2,Round Smooth
4831,2,Round Smooth
4835,2,Round Smooth
4850,2,Round Smooth
4862,2,Round Smooth
4869,2,Round Smooth
4871,2,Round Smooth
4886,2,Round Smooth
4888,2,Round Smooth
4895,2,Round Smooth
4898,2,Round Smooth
4899,2,Round Smooth
4919,2,Round Smooth
4931,2,Round Smooth
4935,2,Round Smooth
4935,2,Round Smooth
4936,2,Round Smooth
4943,2,Round Smooth
4947,2,Round Smooth
4954,2,Round Smooth
4959,2,Round Smooth
4987,2,Round Smooth
5012,2,Round Smooth
5018,2,Round Smooth
5031,2,Round Smooth
5049,2,Round Smooth
5053,2,Round Smooth
5057,2,Round Smooth
5058,2,Round Smooth
5060,2,Round Smooth
5062,2,Round Smooth
5071,2,Round Smooth
5072,2,Round Smooth
5074,2,Round Smooth
5079,2,Round Smooth
5085,2,Round Smooth
5085,2,Round Smooth
5096,2,Round Smooth
5098,2,Round Smooth
5101,2,Round Smooth
5103,2,Round Smooth
5106,2,Round Smooth
5112,2,Round Smooth
5115,2,Round Smooth
5120,2,Round Smooth
5120,2,Round Smooth
5124,2,Round Smooth
5127,2,Round Smooth
5129,2,Round Smooth
5133,2,Round Smooth
5146,2,Round Smooth
5154,2,Round Smooth
5154,2,Round Smooth
5176,2,Round Smooth
5177,2,Round Smooth
5179,2,Round Smooth
5179,2,Round Smooth
5188,2,Round Smooth
5205,2,Round Smooth
5208,2,Round Smooth
5230,2,Round Smooth
5236,2,Round Smooth
5240,2,Round Smooth
5266,2,Round Smooth
5272,2,Round Smooth
5283,2,Round Smooth
5288,2,Round Smooth
5290,2,Round Smooth
5324,2,Round Smooth
5324,2,Round Smooth
5328,2,Round Smooth
5343,2,Round Smooth
5346,2,Round Smooth
5347,2,Round Smooth
5352,2,Round Smooth
5363,2,Round Smooth
5369,2,Round Smooth
5382,2,Round Smooth
5398,2,Round Smooth
5402,2,Round Smooth
5407,2,Round Smooth
5415,2,Round Smooth
5416,2,Round Smooth
5425,2,Round Smooth
5446,2,Round Smooth
5448,2,Round Smooth
5455,2,Round Smooth
5473,2,Round Smooth
5481,2,Round Smooth
5483,2,Round Smooth
5514,2,Round Smooth
5516,2,Round Smooth
5537,2,Round Smooth
5550,2,Round Smooth
5559,2,Round Smooth
5563,2,Round Smooth
5571,2,Round Smooth
5574,2,Round Smooth
5579,3,In-between Round Smooth
5579,3,In-between Round Smooth
5588,3,In-between Round Smooth
5598,3,In-between Round Smooth
5602,3,In-between Round Smooth
5629,3,In-between Round Smooth
5636,3,In-between Round Smooth
5642,3,In-between Round Smooth
5651,3,In-between Round Smooth
5652,3,In-between Round Smooth
5658,3,In-between Round Smooth
5662,3,In-between Round Smooth
5668,3,In-between Round Smooth
5670,3,In-between Round Smooth
5672,3,In-between Round Smooth
5672,3,In-between Round Smooth
5679,3,In-between Round Smooth
5689,3,In-between Round Smooth
5708,3,In-between Round Smooth
5709,3,In-between Round Smooth
5736,3,In-between Round Smooth
5747,3,In-between Round Smooth
5750,3,In-between Round Smooth
5751,3,In-between Round Smooth
5759,3,In-between Round Smooth
5763,3,In-between Round Smooth
5769,3,In-between Round Smooth
5807,3,In-between Round Smooth
5810,3,In-between Round Smooth
5817,3,In-between Round Smooth
5819,3,In-between Round Smooth
5838,3,In-between Round Smooth
5846,3,In-between Round Smooth
5849,3,In-between Round Smooth
5861,3,In-between Round Smooth
5870,3,In-between Round Smooth
5873,3,In-between Round Smooth
5879,3,In-between Round Smooth
5922,3,In-between Round Smooth
5926,3,In-between Round Smooth
5933,3,In-between Round Smooth
5937,3,In-between Round Smooth
5945,3,In-between Round Smooth
5977,3,In-between Round Smooth
5995,3,In-between Round Smooth
6010,3,In-between Round Smooth
6013,3,In-between Round Smooth
6028,3,In-between Round Smooth
6032,3,In-between Round Smooth
6051,3,In-between Round Smooth
6059,3,In-between Round Smooth
6071,3,In-between Round Smooth
6081,3,In-between Round Smooth
6092,3,In-between Round Smooth
6095,3,In-between Round Smooth
6095,3,In-between Round Smooth
6100,3,In-between Round Smooth
6116,3,In-between Round Smooth
6149,3,In-between Round Smooth
6151,3,In-between Round Smooth
6153,3,In-between Round Smooth
6155,3,In-between Round Smooth
6162,3,In-between Round Smooth
6163,3,In-between Round Smooth
6164,3,In-between Round Smooth
6164,3,In-between Round Smooth
6172,3,In-between Round Smooth
6177,3,In-between Round Smooth
6185,3,In-between Round Smooth
6186,3,In-between Round Smooth
6209,3,In-between Round Smooth
6213,3,In-between Round Smooth
6253,3,In-between Round Smooth
6256,3,In-between Round Smooth
6259,3,In-between Round Smooth
6274,3,In-between Round Smooth
6281,3,In-between Round Smooth
6322,3,In-between Round Smooth
6325,3,In-between Round Smooth
6330,3,In-between Round Smooth
6337,3,In-between Round Smooth
6361,3,In-between Round Smooth
6366,3,In-between Round Smooth
6368,3,In-between Round Smooth
6375,3,In-between Round Smooth
6375,3,In-between Round Smooth
6386,3,In-between Round Smooth
6390,3,In-between Round Smooth
6415,3,In-between Round Smooth
6420,3,In-between Round Smooth
6425,3,In-between Round Smooth
6431,3,In-between Round Smooth
6438,3,In-between Round Smooth
6447,3,In-between Round Smooth
6454,3,In-between Round Smooth
6457,3,In-between Round Smooth
6464,3,In-between Round Smooth
6479,3,In-between Round Smooth
6495,3,In-between Round Smooth
6495,3,In-between Round Smooth
6499,3,In-between Round Smooth
6503,3,In-between Round Smooth
6505,3,In-between Round Smooth
6541,3,In-between Round Smooth
6550,3,In-between Round Smooth
6557,3,In-between Round Smooth
6559,3,In-between Round Smooth
6563,3,In-between Round Smooth
6568,3,In-between Round Smooth
6576,3,In-between Round Smooth
6580,3,In-between Round Smooth
6582,3,In-between Round Smooth
6592,3,In-between Round Smooth
6600,3,In-between Round Smooth
6608,3,In-between Round Smooth
6624,3,In-between Round Smooth
6630,3,In-between Round Smooth
6631,3,In-between Round Smooth
6634,3,In-between Round Smooth
6637,3,In-between Round Smooth
6675,3,In-between Round Smooth
6686,3,In-between Round Smooth
6691,3,In-between Round Smooth
6696,3,In-between Round Smooth
6712,3,In-between Round Smooth
6713,3,In-between Round Smooth
6714,3,In-between Round Smooth
6725,3,In-between Round Smooth
6749,3,In-between Round Smooth
6767,3,In-between Round Smooth
6767,3,In-between Round Smooth
6770,3,In-between Round Smooth
6774,3,In-between Round Smooth
6785,3,In-between Round Smooth
6786,3,In-between Round Smooth
6787,3,In-between Round Smooth
6799,3,In-between Round Smooth
6800,3,In-between Round Smooth
6804,3,In-between Round Smooth
6808,3,In-between Round Smooth
6818,3,In-between Round Smooth
6828,3,In-between Round Smooth
6831,3,In-between Round Smooth
6839,3,In-between Round Smooth
6852,3,In-between Round Smooth
6855,3,In-between Round Smooth
6860,3,In-between Round Smooth
6861,3,In-between Round Smooth
6862,3,In-between Round Smooth
6864,3,In-between Round Smooth
6877,3,In-between Round Smooth
6877,3,In-between Round Smooth
6881,3,In-between Round Smooth
6889,3,In-between Round Smooth
6903,3,In-between Round Smooth
6917,3,In-between Round Smooth
6918,3,In-between Round Smooth
6920,3,In-between Round Smooth
6922,3,In-between Round Smooth
6926,3,In-between Round Smooth
6936,3,In-between Round Smooth
6967,3,In-between Round Smooth
6968,3,In-between Round Smooth
6972,3,In-between Round Smooth
6981,3,In-between Round Smooth
6997,3,In-between Round Smooth
7006,3,In-between Round Smooth
7024,3,In-between Round Smooth
7041,3,In-between Round Smooth
7048,3,In-between Round Smooth
7059,3,In-between Round Smooth
7059,3,In-between Round Smooth
7060,3,In-between Round Smooth
7091,3,In-between Round Smooth
7113,3,In-between Round Smooth
7125,3,In-between Round Smooth
7144,3,In-between Round Smooth
7149,3,In-between Round Smooth
7166,3,In-between Round Smooth
7175,3,In-between Round Smooth
7176,3,In-between Round Smooth
7189,3,In-between Round Smooth
7205,3,In-between Round Smooth
7211,3,In-between Round Smooth
7218,3,In-between Round Smooth
7224,3,In-between Round Smooth
7228,3,In-between Round Smooth
7232,3,In-between Round Smooth
7233,3,In-between Round Smooth
7238,3,In-between Round Smooth
7242,3,In-between Round Smooth
7274,3,In-between Round Smooth
7275,3,In-between Round Smooth
7282,3,In-between Round Smooth
7292,3,In-between Round Smooth
7294,3,In-between Round Smooth
7297,3,In-between Round Smooth
7303,3,In-between Round Smooth
7313,3,In-between Round Smooth
7322,3,In-between Round Smooth
7327,3,In-between Round Smooth
7341,3,In-between Round Smooth
7356,3,In-between Round Smooth
7363,3,In-between Round Smooth
7364,3,In-between Round Smooth
7378,3,In-between Round Smooth
7379,3,In-between Round Smooth
7390,3,In-between Round Smooth
7398,3,In-between Round Smooth
7403,3,In-between Round Smooth
7404,3,In-between Round Smooth
7405,3,In-between Round Smooth
7409,3,In-between Round Smooth
7425,3,In-between Round Smooth
7426,3,In-between Round Smooth
7429,3,In-between Round Smooth
7434,3,In-between Round Smooth
7440,3,In-between Round Smooth
7441,3,In-between Round Smooth
7444,3,In-between Round Smooth
7447,3,In-between Round Smooth
7454,3,In-between Round Smooth
7471,3,In-between Round Smooth
7472,3,In-between Round Smooth
7487,3,In-between Round Smooth
7493,3,In-between Round Smooth
7497,3,In-between Round Smooth
7502,3,In-between Round Smooth
7502,3,In-between Round Smooth
7513,3,In-between Round Smooth
7523,3,In-between Round Smooth
7529,3,In-between Round Smooth
7532,3,In-between Round Smooth
7546,3,In-between Round Smooth
7552,3,In-between Round Smooth
7557,3,In-between Round Smooth
7559,3,In-between Round Smooth
7562,3,In-between Round Smooth
7569,3,In-between Round Smooth
7570,3,In-between Round Smooth
7570,3,In-between Round Smooth
7571,3,In-between Round Smooth
7575,3,In-between Round Smooth
7581,3,In-between Round Smooth
7586,3,In-between Round Smooth
7587,3,In-between Round Smooth
7594,3,In-between Round Smooth
7604,3,In-between Round Smooth
7604,3,In-between Round Smooth
7629,4,Cigar Shaped Smooth
7636,4,Cigar Shaped Smooth
7641,4,Cigar Shaped Smooth
7661,4,Cigar Shaped Smooth
7662,4,Cigar Shaped Smooth
7672,4,Cigar Shaped Smooth
7684,4,Cigar Shaped Smooth
7688,4,Cigar Shaped Smooth
7696,4,Cigar Shaped Smooth
7701,4,Cigar Shaped Smooth
7708,4,Cigar Shaped Smooth
7714,4,Cigar Shaped Smooth
7717,4,Cigar Shaped Smooth
7725,4,Cigar Shaped Smooth
7727,4,Cigar Shaped Smooth
7728,4,Cigar Shaped Smooth
7742,4,Cigar Shaped Smooth
7744,4,Cigar Shaped Smooth
7764,4,Cigar Shaped Smooth
7775,4,Cigar Shaped Smooth
7781,4,Cigar Shaped Smooth
7783,4,Cigar Shaped Smooth
7783,4,Cigar Shaped Smooth
7799,4,Cigar Shaped Smooth
7800,4,Cigar Shaped Smooth
7807,4,Cigar Shaped Smooth
7812,4,Cigar Shaped Smooth
7822,4,Cigar Shaped Smooth
7825,4,Cigar Shaped Smooth
7852,4,Cigar Shaped Smooth
7859,4,Cigar Shaped Smooth
7872,4,Cigar Shaped Smooth
7875,4,Cigar Shaped Smooth
7906,4,Cigar Shaped Smooth
7914,4,Cigar Shaped Smooth
7925,4,Cigar Shaped Smooth
7954,5,Barred Spiral
7954,5,Barred Spiral
7967,5,Barred Spiral
7968,5,Barred Spiral
7969,5,Barred Spiral
8022,5,Barred Spiral
8036,5,Barred Spiral
8051,5,Barred Spiral
8058,5,Barred Spiral
8066,5,Barred Spiral
8068,5,Barred Spiral
8076,5,Barred Spiral
8079,5,Barred Spiral
8111,5,Barred Spiral
8122,5,Barred Spiral
8125,5,Barred Spiral
8133,5,Barred Spiral
8143,5,Barred Spiral
8151,5,Barred Spiral
8153,5,Barred Spiral
8169,5,Barred Spiral
8193,5,Barred Spiral
8216,5,Barred Spiral
8219,5,Barred Spiral
8230,5,Barred Spiral
8234,5,Barred Spiral
8243,5,Barred Spiral
8244,5,Barred Spiral
8252,5,Barred Spiral
8270,5,Barred Spiral
8275,5,Barred Spiral
8282,5,Barred Spiral
8296,5,Barred Spiral
8315,5,Barred Spiral
8317,5,Barred Spiral
8322,5,Barred Spiral
8338,5,Barred Spiral
8351,5,Barred Spiral
8356,5,Barred Spiral
8365,5,Barred Spiral
8391,5,Barred Spiral
8416,5,Barred Spiral
8436,5,Barred Spiral
8439,5,Barred Spiral
8443,5,Barred Spiral
8445,5,Barred Spiral
8456,5,Barred Spiral
8466,5,Barred Spiral
8480,5,Barred Spiral
8483,5,Barred Spiral
8496,5,Barred Spiral
8499,5,Barred Spiral
8502,5,Barred Spiral
8510,5,Barred Spiral
8532,5,Barred Spiral
8532,5,Barred Spiral
8538,5,Barred Spiral
8539,5,Barred Spiral
8550,5,Barred Spiral
8557,5,Barred Spiral
8584,5,Barred Spiral
8585,5,Barred Spiral
8590,5,Barred Spiral
8592,5,Barred Spiral
8597,5,Barred Spiral
8599,5,Barred Spiral
8607,5,Barred Spiral
8608,5,Barred Spiral
8615,5,Barred Spiral
8617,5,Barred Spiral
8622,5,Barred Spiral
8631,5,Barred Spiral
8647,5,Barred Spiral
8654,5,Barred Spiral
8669,5,Barred Spiral
8669,5,Barred Spiral
8677,5,Barred Spiral
8685,5,Barred Spiral
8700,5,Barred Spiral
8711,5,Barred Spiral
8716,5,Barred Spiral
8720,5,Barred Spiral
8722,5,Barred Spiral
8730,5,Barred Spiral
8731,5,Barred Spiral
8741,5,Barred Spiral
8744,5,Barred Spiral
8757,5,Barred Spiral
8771,5,Barred Spiral
8776,5,Barred Spiral
8782,5,Barred Spiral
8785,5,Barred Spiral
8789,5,Barred Spiral
8800,5,Barred Spiral
8810,5,Barred Spiral
8811,5,Barred Spiral
8815,5,Barred Spiral
8821,5,Barred Spiral
8840,5,Barred Spiral
8846,5,Barred Spiral
8868,5,Barred Spiral
8875,5,Barred Spiral
8881,5,Barred Spiral
8884,5,Barred Spiral
8884,5,Barred Spiral
8894,5,Barred Spiral
8896,5,Barred Spiral
8898,5,Barred Spiral
8910,5,Barred Spiral
8915,5,Barred Spiral
8938,5,Barred Spiral
8940,5,Barred Spiral
8970,5,Barred Spiral
8970,5,Barred Spiral
8974,5,Barred Spiral
8989,5,Barred Spiral
8996,5,Barred Spiral
9008,5,Barred Spiral
9008,5,Barred Spiral
9015,5,Barred Spiral
9030,5,Barred Spiral
9039,5,Barred Spiral
9041,5,Barred Spiral
9042,5,Barred Spiral
9047,5,Barred Spiral
9049,5,Barred Spiral
9066,5,Barred Spiral
9079,5,Barred Spiral
9106,5,Barred Spiral
9108,5,Barred Spiral
9115,5,Barred Spiral
9120,5,Barred Spiral
9126,5,Barred Spiral
9133,5,Barred Spiral
9142,5,Barred Spiral
9143,5,Barred Spiral
9154,5,Barred Spiral
9159,5,Barred Spiral
9163,5,Barred Spiral
9195,5,Barred Spiral
9215,5,Barred Spiral
9216,5,Barred Spiral
9217,5,Barred Spiral
9227,5,Barred Spiral
9235,5,Barred Spiral
9237,5,Barred Spiral
9238,5,Barred Spiral
9262,5,Barred Spiral
9269,5,Barred Spiral
9292,5,Barred Spiral
9295,5,Barred Spiral
9308,5,Barred Spiral
9315,5,Barred Spiral
9317,5,Barred Spiral
9322,5,Barred Spiral
9327,5,Barred Spiral
9333,5,Barred Spiral
9351,5,Barred Spiral
9356,5,Barred Spiral
9366,5,Barred Spiral
9370,5,Barred Spiral
9392,5,Barred Spiral
9396,5,Barred Spiral
9406,5,Barred Spiral
9412,5,Barred Spiral
9430,5,Barred Spiral
9446,5,Barred Spiral
9452,5,Barred Spiral
9463,5,Barred Spiral
9466,5,Barred Spiral
9467,5,Barred Spiral
9481,5,Barred Spiral
9488,5,Barred Spiral
9489,5,Barred Spiral
9496,5,Barred Spiral
9498,5,Barred Spiral
9499,5,Barred Spiral
9500,5,Barred Spiral
9521,5,Barred Spiral
9522,5,Barred Spiral
9524,5,Barred Spiral
9526,5,Barred Spiral
9537,5,Barred Spiral
9577,5,Barred Spiral
9582,5,Barred Spiral
9620,5,Barred Spiral
9626,5,Barred Spiral
9629,5,Barred Spiral
9660,5,Barred Spiral
9660,5,Barred Spiral
9661,5,Barred Spiral
9681,5,Barred Spiral
9689,5,Barred Spiral
9698,5,Barred Spiral
9710,5,Barred Spiral
9716,5,Barred Spiral
9728,5,Barred Spiral
9728,5,Barred Spiral
9741,5,Barred Spiral
9745,5,Barred Spiral
9752,5,Barred Spiral
9757,5,Barred Spiral
9766,5,Barred Spiral
9780,5,Barred Spiral
9781,5,Barred Spiral
9790,5,Barred Spiral
9799,5,Barred Spiral
9813,5,Barred Spiral
9833,5,Barred Spiral
9842,5,Barred Spiral
9855,5,Barred Spiral
9872,5,Barred Spiral
9893,5,Barred Spiral
9903,5,Barred Spiral
9904,5,Barred Spiral
9908,5,Barred Spiral
9919,5,Barred Spiral
9921,5,Barred Spiral
9927,5,Barred Spiral
9949,5,Barred Spiral
9950,5,Barred Spiral
9951,5,Barred Spiral
9965,5,Barred Spiral
9972,5,Barred Spiral
9983,6,Unbarred Tight Spiral
10000,6,Unbarred Tight Spiral
10016,6,Unbarred Tight Spiral
10021,6,Unbarred Tight Spiral
10076,6,Unbarred Tight Spiral
10079,6,Unbarred Tight Spiral
10083,6,Unbarred Tight Spiral
10084,6,Unbarred Tight Spiral
10091,6,Unbarred Tight Spiral
10105,6,Unbarred Tight Spiral
10110,6,Unbarred Tight Spiral
10112,6,Unbarred Tight Spiral
10113,6,Unbarred Tight Spiral
10117,6,Unbarred Tight Spiral
10117,6,Unbarred Tight Spiral
10119,6,Unbarred Tight Spiral
10124,6,Unbarred Tight Spiral
10129,6,Unbarred Tight Spiral
10145,6,Unbarred Tight Spiral
10149,6,Unbarred Tight Spiral
10150,6,Unbarred Tight Spiral
10194,6,Unbarred Tight Spiral
10197,6,Unbarred Tight Spiral
10211,6,Unbarred Tight Spiral
10216,6,Unbarred Tight Spiral
10219,6,Unbarred Tight Spiral
10255,6,Unbarred Tight Spiral
10262,6,Unbarred Tight Spiral
10275,6,Unbarred Tight Spiral
10275,6,Unbarred Tight Spiral
10276,6,Unbarred Tight Spiral
10303,6,Unbarred Tight Spiral
10304,6,Unbarred Tight Spiral
10312,6,Unbarred Tight Spiral
10324,6,Unbarred Tight Spiral
10341,6,Unbarred Tight Spiral
10343,6,Unbarred Tight Spiral
10367,6,Unbarred Tight Spiral
10369,6,Unbarred Tight Spiral
10385,6,Unbarred Tight Spiral
10401,6,Unbarred Tight Spiral
10412,6,Unbarred Tight Spiral
10416,6,Unbarred Tight Spiral
10417,6,Unbarred Tight Spiral
10420,6,Unbarred Tight Spiral
10422,6,Unbarred Tight Spiral
10440,6,Unbarred Tight Spiral
10469,6,Unbarred Tight Spiral
10479,6,Unbarred Tight Spiral
10494,6,Unbarred Tight Spiral
10497,6,Unbarred Tight Spiral
10507,6,Unbarred Tight Spiral
10515,6,Unbarred Tight Spiral
10517,6,Unbarred Tight Spiral
10522,6,Unbarred Tight Spiral
10542,6,Unbarred Tight Spiral
10549,6,Unbarred Tight Spiral
10556,6,Unbarred Tight Spiral
10586,6,Unbarred Tight Spiral
10609,6,Unbarred Tight Spiral
10611,6,Unbarred Tight Spiral
10625,6,Unbarred Tight Spiral
10628,6,Unbarred Tight Spiral
10630,6,Unbarred Tight Spiral
10642,6,Unbarred Tight Spiral
10659,6,Unbarred Tight Spiral
10663,6,Unbarred Tight Spiral
10665,6,Unbarred Tight Spiral
10667,6,Unbarred Tight Spiral
10702,6,Unbarred Tight Spiral
10708,6,Unbarred Tight Spiral
10735,6,Unbarred Tight Spiral
10737,6,Unbarred Tight Spiral
10741,6,Unbarred Tight Spiral
10748,6,Unbarred Tight Spiral
10778,6,Unbarred Tight Spiral
10779,6,Unbarred Tight Spiral
10780,6,Unbarred Tight Spiral
10780,6,Unbarred Tight Spiral
10788,6,Unbarred Tight Spiral
10789,6,Unbarred Tight Spiral
10791,6,Unbarred Tight Spiral
10810,6,Unbarred Tight Spiral
10816,6,Unbarred Tight Spiral
10818,6,Unbarred Tight Spiral
10822,6,Unbarred Tight Spiral
10832,6,Unbarred Tight Spiral
10841,6,Unbarred Tight Spiral
10856,6,Unbarred Tight Spiral
10860,6,Unbarred Tight Spiral
10869,6,Unbarred Tight Spiral
10877,6,Unbarred Tight Spiral
10885,6,Unbarred Tight Spiral
10887,6,Unbarred Tight Spiral
10913,6,Unbarred Tight Spiral
10923,6,Unbarred Tight Spiral
10933,6,Unbarred Tight Spiral
10935,6,Unbarred Tight Spiral
10940,6,Unbarred Tight Spiral
10957,6,Unbarred Tight Spiral
10972,6,Unbarred Tight Spiral
10978,6,Unbarred Tight Spiral
10995,6,Unbarred Tight Spiral
10998,6,Unbarred Tight Spiral
10998,6,Unbarred Tight Spiral
11000,6,Unbarred Tight Spiral
11009,6,Unbarred Tight Spiral
11015,6,Unbarred Tight Spiral
11022,6,Unbarred Tight Spiral
11031,6,Unbarred Tight Spiral
11033,6,Unbarred Tight Spiral
11069,6,Unbarred Tight Spiral
11076,6,Unbarred Tight Spiral
11098,6,Unbarred Tight Spiral
11098,6,Unbarred Tight Spiral
11099,6,Unbarred Tight Spiral
11102,6,Unbarred Tight Spiral
11113,6,Unbarred Tight Spiral
11115,6,Unbarred Tight Spiral
11124,6,Unbarred Tight Spiral
11125,6,Unbarred Tight Spiral
11126,6,Unbarred Tight Spiral
11129,6,Unbarred Tight Spiral
11130,6,Unbarred Tight Spiral
11137,6,Unbarred Tight Spiral
11157,6,Unbarred Tight Spiral
11158,6,Unbarred Tight Spiral
11178,6,Unbarred Tight Spiral
11179,6,Unbarred Tight Spiral
11186,6,Unbarred Tight Spiral
11190,6,Unbarred Tight Spiral
11206,6,Unbarred Tight Spiral
11207,6,Unbarred Tight Spiral
11214,6,Unbarred Tight Spiral
11215,6,Unbarred Tight Spiral
11215,6,Unbarred Tight Spiral
11221,6,Unbarred Tight Spiral
11221,6,Unbarred Tight Spiral
11232,6,Unbarred Tight Spiral
11233,6,Unbarred Tight Spiral
11235,6,Unbarred Tight Spiral
11255,6,Unbarred Tight Spiral
11256,6,Unbarred Tight Spiral
11262,6,Unbarred Tight Spiral
11263,6,Unbarred Tight Spiral
11274,6,Unbarred Tight Spiral
11300,6,Unbarred Tight Spiral
11323,6,Unbarred Tight Spiral
11327,6,Unbarred Tight Spiral
11327,6,Unbarred Tight Spiral
11334,6,Unbarred Tight Spiral
11346,6,Unbarred Tight Spiral
11356,6,Unbarred Tight Spiral
11362,6,Unbarred Tight Spiral
11365,6,Unbarred Tight Spiral
11375,6,Unbarred Tight Spiral
11397,6,Unbarred Tight Spiral
11412,6,Unbarred Tight Spiral
11423,6,Unbarred Tight Spiral
11456,6,Unbarred Tight Spiral
11456,6,Unbarred Tight Spiral
11485,6,Unbarred Tight Spiral
11496,6,Unbarred Tight Spiral
11500,6,Unbarred Tight Spiral
11507,6,Unbarred Tight Spiral
11553,6,Unbarred Tight Spiral
11558,6,Unbarred Tight Spiral
11566,6,Unbarred Tight Spiral
11586,6,Unbarred Tight Spiral
11586,6,Unbarred Tight Spiral
11603,6,Unbarred Tight Spiral
11616,6,Unbarred Tight Spiral
11618,6,Unbarred Tight Spiral
11635,6,Unbarred Tight Spiral
11638,6,Unbarred Tight Spiral
11658,6,Unbarred Tight Spiral
11660,6,Unbarred Tight Spiral
11664,6,Unbarred Tight Spiral
11677,6,Unbarred Tight Spiral
11679,6,Unbarred Tight Spiral
11682,6,Unbarred Tight Spiral
11691,6,Unbarred Tight Spiral
11692,6,Unbarred Tight Spiral
11698,6,Unbarred Tight Spiral
11702,6,Unbarred Tight Spiral
11708,6,Unbarred Tight Spiral
11714,6,Unbarred Tight Spiral
11718,6,Unbarred Tight Spiral
11723,6,Unbarred Tight Spiral
11723,6,Unbarred Tight Spiral
11733,6,Unbarred Tight Spiral
11734,6,Unbarred Tight Spiral
11753,6,Unbarred Tight Spiral
11759,6,Unbarred Tight Spiral
11772,6,Unbarred Tight Spiral
11774,6,Unbarred Tight Spiral
11781,6,Unbarred Tight Spiral
11786,6,Unbarred Tight Spiral
11796,6,Unbarred Tight Spiral
11807,6,Unbarred Tight Spiral
11817,7,Unbarred Loose Spiral
11818,7,Unbarred Loose Spiral
11826,7,Unbarred Loose Spiral
11862,7,Unbarred Loose Spiral
11865,7,Unbarred Loose Spiral
11881,7,Unbarred Loose Spiral
11882,7,Unbarred Loose Spiral
11883,7,Unbarred Loose Spiral
11895,7,Unbarred Loose Spiral
11897,7,Unbarred Loose Spiral
11902,7,Unbarred Loose Spiral
11908,7,Unbarred Loose Spiral
11911,7,Unbarred Loose Spiral
11916,7,Unbarred Loose Spiral
11920,7,Unbarred Loose Spiral
11926,7,Unbarred Loose Spiral
11928,7,Unbarred Loose Spiral
11935,7,Unbarred Loose Spiral
11937,7,Unbarred Loose Spiral
11942,7,Unbarred Loose Spiral
11953,7,Unbarred Loose Spiral
12014,7,Unbarred Loose Spiral
12022,7,Unbarred Loose Spiral
12024,7,Unbarred Loose Spiral
12033,7,Unbarred Loose Spiral
12077,7,Unbarred Loose Spiral
12077,7,Unbarred Loose Spiral
12092,7,Unbarred Loose Spiral
12112,7,Unbarred Loose Spiral
12130,7,Unbarred Loose Spiral
12135,7,Unbarred Loose Spiral
12149,7,Unbarred Loose Spiral
12164,7,Unbarred Loose Spiral
12180,7,Unbarred Loose Spiral
12185,7,Unbarred Loose Spiral
12188,7,Unbarred Loose Spiral
12193,7,Unbarred Loose Spiral
12197,7,Unbarred Loose Spiral
12221,7,Unbarred Loose Spiral
12249,7,Unbarred Loose Spiral
12250,7,Unbarred Loose Spiral
12261,7,Unbarred Loose Spiral
12274,7,Unbarred Loose Spiral
12278,7,Unbarred Loose Spiral
12282,7,Unbarred Loose Spiral
12300,7,Unbarred Loose Spiral
12324,7,Unbarred Loose Spiral
12325,7,Unbarred Loose Spiral
12326,7,Unbarred Loose Spiral
12329,7,Unbarred Loose Spiral
12333,7,Unbarred Loose Spiral
12347,7,Unbarred Loose Spiral
12359,7,Unbarred Loose Spiral
12386,7,Unbarred Loose Spiral
12387,7,Unbarred Loose Spiral
12397,7,Unbarred Loose Spiral
12400,7,Unbarred Loose Spiral
12430,7,Unbarred Loose Spiral
12434,7,Unbarred Loose Spiral
12446,7,Unbarred Loose Spiral
12447,7,Unbarred Loose Spiral
12449,7,Unbarred Loose Spiral
12453,7,Unbarred Loose Spiral
12456,7,Unbarred Loose Spiral
12463,7,Unbarred Loose Spiral
12473,7,Unbarred Loose Spiral
12473,7,Unbarred Loose Spiral
12487,7,Unbarred Loose Spiral
12508,7,Unbarred Loose Spiral
12509,7,Unbarred Loose Spiral
12515,7,Unbarred Loose Spiral
12521,7,Unbarred Loose Spiral
12523,7,Unbarred Loose Spiral
12525,7,Unbarred Loose Spiral
12525,7,Unbarred Loose Spiral
12532,7,Unbarred Loose Spiral
12558,7,Unbarred Loose Spiral
12565,7,Unbarred Loose Spiral
12574,7,Unbarred Loose Spiral
12597,7,Unbarred Loose Spiral
12602,7,Unbarred Loose Spiral
12603,7,Unbarred Loose Spiral
12607,7,Unbarred Loose Spiral
12610,7,Unbarred Loose Spiral
12611,7,Unbarred Loose Spiral
12612,7,Unbarred Loose Spiral
12612,7,Unbarred Loose Spiral
12624,7,Unbarred Loose Spiral
12624,7,Unbarred Loose Spiral
12631,7,Unbarred Loose Spiral
12640,7,Unbarred Loose Spiral
12649,7,Unbarred Loose Spiral
12662,7,Unbarred Loose Spiral
12666,7,Unbarred Loose Spiral
12693,7,Unbarred Loose Spiral
12698,7,Unbarred Loose Spiral
12710,7,Unbarred Loose Spiral
12722,7,Unbarred Loose Spiral
12731,7,Unbarred Loose Spiral
12732,7,Unbarred Loose Spiral
12747,7,Unbarred Loose Spiral
12751,7,Unbarred Loose Spiral
12757,7,Unbarred Loose Spiral
12765,7,Unbarred Loose Spiral
12780,7,Unbarred Loose Spiral
12784,7,Unbarred Loose Spiral
12799,7,Unbarred Loose Spiral
12829,7,Unbarred Loose Spiral
12848,7,Unbarred Loose Spiral
12855,7,Unbarred Loose Spiral
12858,7,Unbarred Loose Spiral
12877,7,Unbarred Loose Spiral
12886,7,Unbarred Loose Spiral
12906,7,Unbarred Loose Spiral
12916,7,Unbarred Loose Spiral
12921,7,Unbarred Loose Spiral
12958,7,Unbarred Loose Spiral
12965,7,Unbarred Loose Spiral
12995,7,Unbarred Loose Spiral
13007,7,Unbarred Loose Spiral
13025,7,Unbarred Loose Spiral
13029,7,Unbarred Loose Spiral
13035,7,Unbarred Loose Spiral
13040,7,Unbarred Loose Spiral
13041,7,Unbarred Loose Spiral
13047,7,Unbarred Loose Spiral
13054,7,Unbarred Loose Spiral
13071,7,Unbarred Loose Spiral
13077,7,Unbarred Loose Spiral
13091,7,Unbarred Loose Spiral
13128,7,Unbarred Loose Spiral
13160,7,Unbarred Loose Spiral
13166,7,Unbarred Loose Spiral
13167,7,Unbarred Loose Spiral
13183,7,Unbarred Loose Spiral
13194,7,Unbarred Loose Spiral
13195,7,Unbarred Loose Spiral
13198,7,Unbarred Loose Spiral
13203,7,Unbarred Loose Spiral
13208,7,Unbarred Loose Spiral
13208,7,Unbarred Loose Spiral
13218,7,Unbarred Loose Spiral
13236,7,Unbarred Loose Spiral
13265,7,Unbarred Loose Spiral
13268,7,Unbarred Loose Spiral
13290,7,Unbarred Loose Spiral
13295,7,Unbarred Loose Spiral
13301,7,Unbarred Loose Spiral
13312,7,Unbarred Loose Spiral
13350,7,Unbarred Loose Spiral
13354,7,Unbarred Loose Spiral
13356,7,Unbarred Loose Spiral
13356,7,Unbarred Loose Spiral
13363,7,Unbarred Loose Spiral
13376,7,Unbarred Loose Spiral
13386,7,Unbarred Loose Spiral
13402,7,Unbarred Loose Spiral
13412,7,Unbarred Loose Spiral
13414,7,Unbarred Loose Spiral
13417,7,Unbarred Loose Spiral
13424,7,Unbarred Loose Spiral
13425,7,Unbarred Loose Spiral
13437,7,Unbarred Loose Spiral
13438,7,Unbarred Loose Spiral
13439,7,Unbarred Loose Spiral
13448,7,Unbarred Loose Spiral
13463,7,Unbarred Loose Spiral
13464,7,Unbarred Loose Spiral
13469,7,Unbarred Loose Spiral
13472,7,Unbarred Loose Spiral
13500,7,Unbarred Loose Spiral
13515,7,Unbarred Loose Spiral
13526,7,Unbarred Loose Spiral
13527,7,Unbarred Loose Spiral
13529,7,Unbarred Loose Spiral
13539,7,Unbarred Loose Spiral
13584,7,Unbarred Loose Spiral
13610,7,Unbarred Loose Spiral
13612,7,Unbarred Loose Spiral
13620,7,Unbarred Loose Spiral
13631,7,Unbarred Loose Spiral
13635,7,Unbarred Loose Spiral
13640,7,Unbarred Loose Spiral
13642,7,Unbarred Loose Spiral
13648,7,Unbarred Loose Spiral
13661,7,Unbarred Loose Spiral
13669,7,Unbarred Loose Spiral
13673,7,Unbarred Loose Spiral
13686,7,Unbarred Loose Spiral
13697,7,Unbarred Loose Spiral
13714,7,Unbarred Loose Spiral
13717,7,Unbarred Loose Spiral
13750,7,Unbarred Loose Spiral
13776,7,Unbarred Loose Spiral
13781,7,Unbarred Loose Spiral
13783,7,Unbarred Loose Spiral
13784,7,Unbarred Loose Spiral
13787,7,Unbarred Loose Spiral
13792,7,Unbarred Loose Spiral
13799,7,Unbarred Loose Spiral
13807,7,Unbarred Loose Spiral
13812,7,Unbarred Loose Spiral
13817,7,Unbarred Loose Spiral
13841,7,Unbarred Loose Spiral
13846,7,Unbarred Loose Spiral
13846,7,Unbarred Loose Spiral
13852,7,Unbarred Loose Spiral
13853,7,Unbarred Loose Spiral
13861,7,Unbarred Loose Spiral
13868,7,Unbarred Loose Spiral
13870,7,Unbarred Loose Spiral
13872,7,Unbarred Loose Spiral
13873,7,Unbarred Loose Spiral
13886,7,Unbarred Loose Spiral
13901,7,Unbarred Loose Spiral
13906,7,Unbarred Loose Spiral
13912,7,Unbarred Loose Spiral
13918,7,Unbarred Loose Spiral
13929,7,Unbarred Loose Spiral
13938,7,Unbarred Loose Spiral
13939,7,Unbarred Loose Spiral
13943,7,Unbarred Loose Spiral
13944,7,Unbarred Loose Spiral
13947,7,Unbarred Loose Spiral
13950,7,Unbarred Loose Spiral
14010,7,Unbarred Loose Spiral
14038,7,Unbarred Loose Spiral
14053,7,Unbarred Loose Spiral
14055,7,Unbarred Loose Spiral
14061,7,Unbarred Loose Spiral
14071,7,Unbarred Loose Spiral
14096,7,Unbarred Loose Spiral
14097,7,Unbarred Loose Spiral
14136,7,Unbarred Loose Spiral
14140,7,Unbarred Loose Spiral
14145,7,Unbarred Loose Spiral
14160,7,Unbarred Loose Spiral
14170,7,Unbarred Loose Spiral
14178,7,Unbarred Loose Spiral
14182,7,Unbarred Loose Spiral
14184,7,Unbarred Loose Spiral
14187,7,Unbarred Loose Spiral
14192,7,Unbarred Loose Spiral
14233,7,Unbarred Loose Spiral
14237,7,Unbarred Loose Spiral
14241,7,Unbarred Loose Spiral
14281,7,Unbarred Loose Spiral
14284,7,Unbarred Loose Spiral
14286,7,Unbarred Loose Spiral
14291,7,Unbarred Loose Spiral
14294,7,Unbarred Loose Spiral
14358,7,Unbarred Loose Spiral
14361,7,Unbarred Loose Spiral
14372,7,Unbarred Loose Spiral
14375,7,Unbarred Loose Spiral
14396,7,Unbarred Loose Spiral
14427,7,Unbarred Loose Spiral
14428,7,Unbarred Loose Spiral
14430,7,Unbarred Loose Spiral
14431,7,Unbarred Loose Spiral
14436,7,Unbarred Loose Spiral
14442,8,Edge-on without Bulge
14448,8,Edge-on without Bulge
14482,8,Edge-on without Bulge
14494,8,Edge-on without Bulge
14498,8,Edge-on without Bulge
14498,8,Edge-on without Bulge
14509,8,Edge-on without Bulge
14512,8,Edge-on without Bulge
14529,8,Edge-on without Bulge
14532,8,Edge-on without Bulge
14534,8,Edge-on without Bulge
14534,8,Edge-on without Bulge
14547,8,Edge-on without Bulge
14570,8,Edge-on without Bulge
14573,8,Edge-on without Bulge
14589,8,Edge-on without Bulge
14593,8,Edge-on without Bulge
14594,8,Edge-on without Bulge
14600,8,Edge-on without Bulge
14610,8,Edge-on without Bulge
14616,8,Edge-on without Bulge
14623,8,Edge-on without Bulge
14626,8,Edge-on without Bulge
14632,8,Edge-on without Bulge
14642,8,Edge-on without Bulge
14653,8,Edge-on without Bulge
14660,8,Edge-on without Bulge
14663,8,Edge-on without Bulge
14669,8,Edge-on without Bulge
14702,8,Edge-on without Bulge
14729,8,Edge-on without Bulge
14732,8,Edge-on without Bulge
14735,8,Edge-on without Bulge
14742,8,Edge-on without Bulge
14743,8,Edge-on without Bulge
14750,8,Edge-on without Bulge
14777,8,Edge-on without Bulge
14786,8,Edge-on without Bulge
14794,8,Edge-on without Bulge
14824,8,Edge-on without Bulge
14827,8,Edge-on without Bulge
14828,8,Edge-on without Bulge
14833,8,Edge-on without Bulge
14836,8,Edge-on without Bulge
14836,8,Edge-on without Bulge
14844,8,Edge-on without Bulge
14846,8,Edge-on without Bulge
14862,8,Edge-on without Bulge
14868,8,Edge-on without Bulge
14873,8,Edge-on without Bulge
14891,8,Edge-on without Bulge
14899,8,Edge-on without Bulge
14910,8,Edge-on without Bulge
14911,8,Edge-on without Bulge
14920,8,Edge-on without Bulge
14922,8,Edge-on without Bulge
14941,8,Edge-on without Bulge
14946,8,Edge-on without Bulge
14951,8,Edge-on without Bulge
14970,8,Edge-on without Bulge
14981,8,Edge-on without Bulge
14996,8,Edge-on without Bulge
15000,8,Edge-on without Bulge
15006,8,Edge-on without Bulge
15009,8,Edge-on without Bulge
15010,8,Edge-on without Bulge
15014,8,Edge-on without Bulge
15015,8,Edge-on without Bulge
15015,8,Edge-on without Bulge
15016,8,Edge-on without Bulge
15019,8,Edge-on without Bulge
15039,8,Edge-on without Bulge
15045,8,Edge-on without Bulge
15049,8,Edge-on without Bulge
15051,8,Edge-on without Bulge
15053,8,Edge-on without Bulge
15062,8,Edge-on without Bulge
15077,8,Edge-on without Bulge
15107,8,Edge-on without Bulge
15107,8,Edge-on without Bulge
15128,8,Edge-on without Bulge
15141,8,Edge-on without Bulge
15142,8,Edge-on without Bulge
15143,8,Edge-on without Bulge
15149,8,Edge-on without Bulge
15149,8,Edge-on without Bulge
15150,8,Edge-on without Bulge
15159,8,Edge-on without Bulge
15165,8,Edge-on without Bulge
15185,8,Edge-on without Bulge
15187,8,Edge-on without Bulge
15189,8,Edge-on without Bulge
15194,8,Edge-on without Bulge
15199,8,Edge-on without Bulge
15201,8,Edge-on without Bulge
15212,8,Edge-on without Bulge
15225,8,Edge-on without Bulge
15270,8,Edge-on without Bulge
15272,8,Edge-on without Bulge
15300,8,Edge-on without Bulge
15314,8,Edge-on without Bulge
15338,8,Edge-on without Bulge
15339,8,Edge-on without Bulge
15343,8,Edge-on without Bulge
15354,8,Edge-on without Bulge
15357,8,Edge-on without Bulge
15367,8,Edge-on without Bulge
15378,8,Edge-on without Bulge
15382,8,Edge-on without Bulge
15384,8,Edge-on without Bulge
15398,8,Edge-on without Bulge
15399,8,Edge-on without Bulge
15431,8,Edge-on without Bulge
15447,8,Edge-on without Bulge
15462,8,Edge-on without Bulge
15465,8,Edge-on without Bulge
15468,8,Edge-on without Bulge
15491,8,Edge-on without Bulge
15498,8,Edge-on without Bulge
15502,8,Edge-on without Bulge
15529,8,Edge-on without Bulge
15568,8,Edge-on without Bulge
15590,8,Edge-on without Bulge
15605,8,Edge-on without Bulge
15612,8,Edge-on without Bulge
15615,8,Edge-on without Bulge
15616,8,Edge-on without Bulge
15620,8,Edge-on without Bulge
15627,8,Edge-on without Bulge
15629,8,Edge-on without Bulge
15651,8,Edge-on without Bulge
15672,8,Edge-on without Bulge
15689,8,Edge-on without Bulge
15698,8,Edge-on without Bulge
15700,8,Edge-on without Bulge
15707,8,Edge-on without Bulge
15712,8,Edge-on without Bulge
15718,8,Edge-on without Bulge
15732,8,Edge-on without Bulge
15733,8,Edge-on without Bulge
15734,8,Edge-on without Bulge
15735,8,Edge-on without Bulge
15742,8,Edge-on without Bulge
15748,8,Edge-on without Bulge
15764,8,Edge-on without Bulge
15779,8,Edge-on without Bulge
15783,8,Edge-on without Bulge
15786,8,Edge-on without Bulge
15787,8,Edge-on without Bulge
15802,8,Edge-on without Bulge
15813,8,Edge-on without Bulge
15820,8,Edge-on without Bulge
15836,8,Edge-on without Bulge
15854,8,Edge-on without Bulge
15859,8,Edge-on without Bulge
15862,8,Edge-on without Bulge
15879,9,Edge-on with Bulge
15884,9,Edge-on with Bulge
15885,9,Edge-on with Bulge
15886,9,Edge-on with Bulge
15899,9,Edge-on with Bulge
15908,9,Edge-on with Bulge
15914,9,Edge-on with Bulge
15919,9,Edge-on with Bulge
15927,9,Edge-on with Bulge
15943,9,Edge-on with Bulge
15955,9,Edge-on with Bulge
15976,9,Edge-on with Bulge
15984,9,Edge-on with Bulge
15996,9,Edge-on with Bulge
15999,9,Edge-on with Bulge
16002,9,Edge-on with Bulge
16005,9,Edge-on with Bulge
16005,9,Edge-on with Bulge
16007,9,Edge-on with Bulge
16016,9,Edge-on with Bulge
16018,9,Edge-on with Bulge
16024,9,Edge-on with Bulge
16024,9,Edge-on with Bulge
16053,9,Edge-on with Bulge
16058,9,Edge-on with Bulge
16062,9,Edge-on with Bulge
16065,9,Edge-on with Bulge
16065,9,Edge-on with Bulge
16069,9,Edge-on with Bulge
16074,9,Edge-on with Bulge
16083,9,Edge-on with Bulge
16086,9,Edge-on with Bulge
16086,9,Edge-on with Bulge
16090,9,Edge-on with Bulge
16098,9,Edge-on with Bulge
16100,9,Edge-on with Bulge
16116,9,Edge-on with Bulge
16122,9,Edge-on with Bulge
16133,9,Edge-on with Bulge
16140,9,Edge-on with Bulge
16143,9,Edge-on with Bulge
16144,9,Edge-on with Bulge
16174,9,Edge-on with Bulge
16181,9,Edge-on with Bulge
16181,9,Edge-on with Bulge
16203,9,Edge-on with Bulge
16225,9,Edge-on with Bulge
16230,9,Edge-on with Bulge
16232,9,Edge-on with Bulge
16250,9,Edge-on with Bulge
16281,9,Edge-on with Bulge
16300,9,Edge-on with Bulge
16313,9,Edge-on with Bulge
16327,9,Edge-on with Bulge
16338,9,Edge-on with Bulge
16359,9,Edge-on with Bulge
16365,9,Edge-on with Bulge
16370,9,Edge-on with Bulge
16388,9,Edge-on with Bulge
16410,9,Edge-on with Bulge
16410,9,Edge-on with Bulge
16414,9,Edge-on with Bulge
16437,9,Edge-on with Bulge
16437,9,Edge-on with Bulge
16453,9,Edge-on with Bulge
16454,9,Edge-on with Bulge
16459,9,Edge-on with Bulge
16466,9,Edge-on with Bulge
16468,9,Edge-on with Bulge
16469,9,Edge-on with Bulge
16470,9,Edge-on with Bulge
16482,9,Edge-on with Bulge
16485,9,Edge-on with Bulge
16494,9,Edge-on with Bulge
16511,9,Edge-on with Bulge
16513,9,Edge-on with Bulge
16528,9,Edge-on with Bulge
16532,9,Edge-on with Bulge
16541,9,Edge-on with Bulge
16569,9,Edge-on with Bulge
16574,9,Edge-on with Bulge
16583,9,Edge-on with Bulge
16584,9,Edge-on with Bulge
16593,9,Edge-on with Bulge
16599,9,Edge-on with Bulge
16612,9,Edge-on with Bulge
16612,9,Edge-on with Bulge
16615,9,Edge-on with Bulge
16626,9,Edge-on with Bulge
16641,9,Edge-on with Bulge
16651,9,Edge-on with Bulge
16664,9,Edge-on with Bulge
16665,9,Edge-on with Bulge
16682,9,Edge-on with Bulge
16683,9,Edge-on with Bulge
16689,9,Edge-on with Bulge
16689,9,Edge-on with Bulge
16690,9,Edge-on with Bulge
16693,9,Edge-on with Bulge
16708,9,Edge-on with Bulge
16709,9,Edge-on with Bulge
16716,9,Edge-on with Bulge
16716,9,Edge-on with Bulge
16719,9,Edge-on with Bulge
16726,9,Edge-on with Bulge
16744,9,Edge-on with Bulge
16746,9,Edge-on with Bulge
16747,9,Edge-on with Bulge
16750,9,Edge-on with Bulge
16756,9,Edge-on with Bulge
16772,9,Edge-on with Bulge
16774,9,Edge-on with Bulge
16806,9,Edge-on with Bulge
16810,9,Edge-on with Bulge
16817,9,Edge-on with Bulge
16824,9,Edge-on with Bulge
16827,9,Edge-on with Bulge
16833,9,Edge-on with Bulge
16838,9,Edge-on with Bulge
16856,9,Edge-on with Bulge
16864,9,Edge-on with Bulge
16876,9,Edge-on with Bulge
16877,9,Edge-on with Bulge
16879,9,Edge-on with Bulge
16881,9,Edge-on with Bulge
16922,9,Edge-on with Bulge
16942,9,Edge-on with Bulge
16968,9,Edge-on with Bulge
16968,9,Edge-on with Bulge
16969,9,Edge-on with Bulge
16971,9,Edge-on with Bulge
16974,9,Edge-on with Bulge
16979,9,Edge-on with Bulge
16985,9,Edge-on with Bulge
16995,9,Edge-on with Bulge
17027,9,Edge-on with Bulge
17028,9,Edge-on with Bulge
17032,9,Edge-on with Bulge
17053,9,Edge-on with Bulge
17068,9,Edge-on with Bulge
17082,9,Edge-on with Bulge
17091,9,Edge-on with Bulge
17103,9,Edge-on with Bulge
17104,9,Edge-on with Bulge
17105,9,Edge-on with Bulge
17123,9,Edge-on with Bulge
17124,9,Edge-on with Bulge
17141,9,Edge-on with Bulge
17144,9,Edge-on with Bulge
17151,9,Edge-on with Bulge
17155,9,Edge-on with Bulge
17162,9,Edge-on with Bulge
17169,9,Edge-on with Bulge
17199,9,Edge-on with Bulge
17218,9,Edge-on with Bulge
17226,9,Edge-on with Bulge
17227,9,Edge-on with Bulge
17233,9,Edge-on with Bulge
17245,9,Edge-on with Bulge
17257,9,Edge-on with Bulge
17272,9,Edge-on with Bulge
17273,9,Edge-on with Bulge
17273,9,Edge-on with Bulge
17274,9,Edge-on with Bulge
17276,9,Edge-on with Bulge
17295,9,Edge-on with Bulge
17312,9,Edge-on with Bulge
17317,9,Edge-on with Bulge
17321,9,Edge-on with Bulge
17327,9,Edge-on with Bulge
17331,9,Edge-on with Bulge
17338,9,Edge-on with Bulge
17342,9,Edge-on with Bulge
17347,9,Edge-on with Bulge
17347,9,Edge-on with Bulge
17352,9,Edge-on with Bulge
17355,9,Edge-on with Bulge
17356,9,Edge-on with Bulge
17374,9,Edge-on with Bulge
17375,9,Edge-on with Bulge
17383,9,Edge-on with Bulge
17384,9,Edge-on with Bulge
17385,9,Edge-on with Bulge
17399,9,Edge-on with Bulge
17426,9,Edge-on with Bulge
17448,9,Edge-on with Bulge
17465,9,Edge-on with Bulge
17468,9,Edge-on with Bulge
17471,9,Edge-on with Bulge
17487,9,Edge-on with Bulge
17527,9,Edge-on with Bulge
17532,9,Edge-on with Bulge
17538,9,Edge-on with Bulge
17554,9,Edge-on with Bulge
17555,9,Edge-on with Bulge
17556,9,Edge-on with Bulge
17561,9,Edge-on with Bulge
17571,9,Edge-on with Bulge
17585,9,Edge-on with Bulge
17591,9,Edge-on with Bulge
17597,9,Edge-on with Bulge
17597,9,Edge-on with Bulge
17601,9,Edge-on with Bulge
17605,9,Edge-on with Bulge
17613,9,Edge-on with Bulge
17615,9,Edge-on with Bulge
17628,9,Edge-on with Bulge
17643,9,Edge-on with Bulge
17645,9,Edge-on with Bulge
17645,9,Edge-on with Bulge
17650,9,Edge-on with Bulge
17651,9,Edge-on with Bulge
17653,9,Edge-on with Bulge
17659,9,Edge-on with Bulge
17671,9,Edge-on with Bulge
17682,9,Edge-on with Bulge
17689,9,Edge-on with Bulge
17696,9,Edge-on with Bulge
17705,9,Edge-on with Bulge
17706,9,Edge-on with Bulge
17707,9,Edge-on with Bulge
17732,9,Edge-on with Bulge
